{
  "standard_val": {
    "split": "val",
    "box_map50": 0.30013474502005844,
    "box_map75": 0.19138422084121318,
    "box_map": 0.18732009150864345,
    "box_precision": 0.3375655559956822,
    "box_recall": 0.3679422579213158,
    "seg_map50": 0.10874024248043929,
    "seg_map75": 0.03026828860385701,
    "seg_map": 0.04405322822254807,
    "seg_precision": 0.18797154724595883,
    "seg_recall": 0.14744925372564804,
    "speed_preprocess": 0.12072569418161717,
    "speed_inference": 9.485058805307446,
    "speed_postprocess": 0.6993497823523642
  },
  "standard_test": {
    "split": "test",
    "box_map50": 0.32250182457406584,
    "box_map75": 0.2018025058651583,
    "box_map": 0.20121238123885427,
    "box_precision": 0.3276478607640731,
    "box_recall": 0.4007328053177423,
    "seg_map50": 0.13342820406718897,
    "seg_map75": 0.04037920102342006,
    "seg_map": 0.056076090490154384,
    "seg_precision": 0.2541061038316139,
    "seg_recall": 0.1565605684991978,
    "speed_preprocess": 0.12209590192864701,
    "speed_inference": 9.442929614068742,
    "speed_postprocess": 0.7174716153902116
  }
}