{
  "standard_val": {
    "split": "val",
    "box_map50": 0.27261485371078104,
    "box_map75": 0.17240068910270984,
    "box_map": 0.16860130489582903,
    "box_precision": 0.2970172883135908,
    "box_recall": 0.3426611398623005,
    "seg_map50": 0.10916837665217248,
    "seg_map75": 0.027741973817496966,
    "seg_map": 0.04323798548343035,
    "seg_precision": 0.22218634977416346,
    "seg_recall": 0.1356392552539798,
    "speed_preprocess": 0.12075099893795546,
    "speed_inference": 9.518928211649687,
    "speed_postprocess": 0.6482603302138681
  },
  "standard_test": {
    "split": "test",
    "box_map50": 0.28955985545675766,
    "box_map75": 0.17616579067984048,
    "box_map": 0.17622307809888274,
    "box_precision": 0.3152410845815252,
    "box_recall": 0.3706620162348124,
    "seg_map50": 0.12327019510410264,
    "seg_map75": 0.031095818864002898,
    "seg_map": 0.04872185268901147,
    "seg_precision": 0.21277383943493508,
    "seg_recall": 0.1591157746464012,
    "speed_preprocess": 0.12349549737543375,
    "speed_inference": 9.50437959972719,
    "speed_postprocess": 0.672613967200067
  }
}