{
  "standard_val": {
    "split": "val",
    "box_map50": 0.2963576174477363,
    "box_map75": 0.18821700177461823,
    "box_map": 0.18545146101358342,
    "box_precision": 0.324727811081665,
    "box_recall": 0.3606313003188968,
    "seg_map50": 0.112733647387138,
    "seg_map75": 0.03140437774881888,
    "seg_map": 0.04589340770538204,
    "seg_precision": 0.18482868171770683,
    "seg_recall": 0.14850162827008945,
    "speed_preprocess": 0.11973336949216169,
    "speed_inference": 9.446635743900838,
    "speed_postprocess": 0.6338289160919526
  },
  "standard_test": {
    "split": "test",
    "box_map50": 0.3047889542444152,
    "box_map75": 0.19346474223010893,
    "box_map": 0.19075719017202394,
    "box_precision": 0.3509785914301982,
    "box_recall": 0.3661439637906054,
    "seg_map50": 0.12740898038674137,
    "seg_map75": 0.03780339886008453,
    "seg_map": 0.05295434571953343,
    "seg_precision": 0.2149784484592363,
    "seg_recall": 0.1662447424937059,
    "speed_preprocess": 0.12131892637009137,
    "speed_inference": 9.450248264531208,
    "speed_postprocess": 0.651035644934566
  }
}