{
  "standard_val": {
    "split": "val",
    "box_map50": 0.2809061340649561,
    "box_map75": 0.17837343562980487,
    "box_map": 0.17325086600932066,
    "box_precision": 0.3264172352269089,
    "box_recall": 0.35608707307601706,
    "seg_map50": 0.08565448366785297,
    "seg_map75": 0.021502370793799356,
    "seg_map": 0.0335466306647277,
    "seg_precision": 0.1678319140684317,
    "seg_recall": 0.12146220958228246,
    "speed_preprocess": 0.12499838416753377,
    "speed_inference": 9.512410309637477,
    "speed_postprocess": 0.6806855638995442
  },
  "standard_test": {
    "split": "test",
    "box_map50": 0.2983392569319978,
    "box_map75": 0.17108447835537202,
    "box_map": 0.1756661763228413,
    "box_precision": 0.30239774098428057,
    "box_recall": 0.3653698866811253,
    "seg_map50": 0.10071434724610627,
    "seg_map75": 0.025017511912821564,
    "seg_map": 0.039718768394685244,
    "seg_precision": 0.1541575290033491,
    "seg_recall": 0.13794145984623415,
    "speed_preprocess": 0.125062403254484,
    "speed_inference": 9.501764287499233,
    "speed_postprocess": 0.815257144015913
  }
}