{
  "standard_val": {
    "split": "val",
    "box_map50": 0.3111915904362091,
    "box_map75": 0.20266922360335216,
    "box_map": 0.19698781533545032,
    "box_precision": 0.34188018905748246,
    "box_recall": 0.3692111823618175,
    "seg_map50": 0.10884336701783515,
    "seg_map75": 0.03229733408735631,
    "seg_map": 0.0455475443617542,
    "seg_precision": 0.1829378067191811,
    "seg_recall": 0.14815201780415604,
    "speed_preprocess": 0.12159920155221197,
    "speed_inference": 9.60957066981553,
    "speed_postprocess": 0.6144236268955546
  },
  "standard_test": {
    "split": "test",
    "box_map50": 0.32692913310606747,
    "box_map75": 0.19481827846369518,
    "box_map": 0.19947533780269464,
    "box_precision": 0.3502830333496778,
    "box_recall": 0.3665905819576079,
    "seg_map50": 0.1369556404905352,
    "seg_map75": 0.037452664315581065,
    "seg_map": 0.05474540879645777,
    "seg_precision": 0.2915499366696817,
    "seg_recall": 0.15697725261586795,
    "speed_preprocess": 0.1200745451096673,
    "speed_inference": 9.58084560813704,
    "speed_postprocess": 0.7318133459041255
  }
}