{
  "standard_val": {
    "split": "val",
    "box_map50": 0.28527168815376375,
    "box_map75": 0.17916985498077534,
    "box_map": 0.17724252569687396,
    "box_precision": 0.3182833688142152,
    "box_recall": 0.3482684746669969,
    "seg_map50": 0.10139114124762535,
    "seg_map75": 0.028531569167489324,
    "seg_map": 0.04226151475808187,
    "seg_precision": 0.20106755833514592,
    "seg_recall": 0.12437268265807498,
    "speed_preprocess": 0.1217631793959172,
    "speed_inference": 9.475626175060023,
    "speed_postprocess": 0.6951944276234989
  },
  "standard_test": {
    "split": "test",
    "box_map50": 0.31283227331915775,
    "box_map75": 0.1940999062134258,
    "box_map": 0.19221562456372118,
    "box_precision": 0.37950416755751754,
    "box_recall": 0.3615892767044034,
    "seg_map50": 0.1272613092039877,
    "seg_map75": 0.034875313000656695,
    "seg_map": 0.051413801523943224,
    "seg_precision": 0.24927161226667302,
    "seg_recall": 0.16276945821208613,
    "speed_preprocess": 0.12200477859736737,
    "speed_inference": 9.45373709081147,
    "speed_postprocess": 0.7560715001291005
  }
}